bus;Pg;Qg;Qmax;Qmin;Vg;mBase;status;Pmax;Pmin;c2;c1;c0;
1;135.5;5.0;10.0;0.0;1.0;100.0;1;271;0.0;0.000000;18.421528;0.000000;
2;46.0;3.0;46.0;-40.0;1.0;100.0;1;92;0.0;0.000000;52.182254;0.000000;
5;0.0;0.0;40.0;-40.0;1.0;100.0;1;0;0.0;0.000000;0.000000;0.000000;
8;0.0;15.0;40.0;-10.0;1.0;100.0;1;0;0.0;0.000000;0.000000;0.000000;
11;0.0;9.0;24.0;-6.0;1.0;100.0;1;0;0.0;0.000000;0.000000;0.000000;
13;0.0;9.0;24.0;-6.0;1.0;100.0;1;0;0.0;0.000000;0.000000;0.000000;
