BUS;PGEN
1;271.00000270612725
2;12.399997293872717
5;0.0
8;0.0
11;0.0
13;0.0
